likes;followers;filter;location;hashtag
101;301;Clarendon;;iger
101;301;Clarendon;;red
101;301;Clarendon;;beard
101;301;Clarendon;;shades
73;301;Normal;Cyber City Gurgoan;
92;301;Normal;Ashok Vihar;
67;301;Normal;Ashok Vihar;
75;301;Nashville;;
93;301;Normal;Manali, Himachal Pradesh;travelinggram
93;301;Normal;Manali, Himachal Pradesh;throwback
93;301;Normal;Manali, Himachal Pradesh;traveller
93;301;Normal;Manali, Himachal Pradesh;manali
96;301;Normal;Shalimar Bagh, Delhi;traditionals
96;301;Normal;Shalimar Bagh, Delhi;stayhappy
96;301;Normal;Shalimar Bagh, Delhi;smile
96;301;Normal;Shalimar Bagh, Delhi;stayfocused
100;301;Normal;Shalimar Bagh, Delhi;
78;301;Clarendon;;manali
78;301;Clarendon;;snow
78;301;Clarendon;;throwback
64;301;Normal;Big Yellow Door;chaikabday
64;301;Normal;Big Yellow Door;reunion
64;301;Normal;Big Yellow Door;fun
64;301;Normal;Big Yellow Door;skulbuddies
76;301;Normal;INA;delhigram
76;301;Normal;INA;iger
76;301;Normal;INA;fun
76;301;Normal;INA;wedding
76;301;Normal;INA;gentelman
76;301;Normal;INA;suitup
79;301;Normal;;keepdancing
79;301;Normal;;keepsmiling
79;301;Normal;;happytime
79;301;Normal;;3peg
79;301;Normal;;candid
72;301;Normal;Cyber Hub Social;iger
72;301;Normal;Cyber Hub Social;throwback
72;301;Normal;Cyber Hub Social;poser
72;301;Normal;Cyber Hub Social;social
72;301;Normal;Cyber Hub Social;cyberhub
58;301;Normal;The Mall Road, Manali;iger
58;301;Normal;The Mall Road, Manali;traveller
58;301;Normal;The Mall Road, Manali;manali
58;301;Normal;The Mall Road, Manali;chilled
58;301;Normal;The Mall Road, Manali;mallroad
75;301;Normal;Cyberhub Social;social
75;301;Normal;Cyberhub Social;outing
75;301;Normal;Cyberhub Social;iger
75;301;Normal;Cyberhub Social;cyberhub
71;301;Normal;Kulachi Hans Raj Model School;reunion
71;301;Normal;Kulachi Hans Raj Model School;bestfriend
71;301;Normal;Kulachi Hans Raj Model School;throwback
71;301;Normal;Kulachi Hans Raj Model School;kosa
84;301;Normal;Kulachi Hans Raj Model School;delhigram
84;301;Normal;Kulachi Hans Raj Model School;iger
84;301;Normal;Kulachi Hans Raj Model School;beard
84;301;Normal;Kulachi Hans Raj Model School;shades
84;301;Normal;Kulachi Hans Raj Model School;smile
66;301;Normal;;bestfriend
66;301;Normal;;birthday
66;301;Normal;;lifeline
54;301;Normal;;bhangan
54;301;Normal;;birthday
54;301;Normal;;bhenchod
54;301;Normal;;loveyousomuch
54;301;Normal;;bitch
54;301;Normal;;bestfriend
72;301;Normal;Manav Rachna International University;yeah
72;301;Normal;Manav Rachna International University;delhigram
72;301;Normal;Manav Rachna International University;iger
72;301;Normal;Manav Rachna International University;staystrong
72;301;Normal;Manav Rachna International University;commentforcomment
72;301;Normal;Manav Rachna International University;believeinyourself
72;301;Normal;Manav Rachna International University;f4f
72;301;Normal;Manav Rachna International University;happy_days
72;301;Normal;Manav Rachna International University;hashtageverything
